<?xml version="1.0" encoding="utf-8"?><?xml-stylesheet type="text/xml" href="http://liquidnarrative.cs.utah.edu/feed.xslt.xml"?><feed xmlns="http://www.w3.org/2005/Atom"><generator uri="http://jekyllrb.com" version="3.3.1">Jekyll</generator><link href="http://liquidnarrative.cs.utah.edu/feed.xml" rel="self" type="application/atom+xml" /><link href="http://liquidnarrative.cs.utah.edu/" rel="alternate" type="text/html" /><updated>2017-02-02T17:37:12-07:00</updated><id>http://liquidnarrative.cs.utah.edu//</id><title type="html">Liquid Narrative@Utah</title><subtitle>The website for the Liquid Narrative Research Group at the University of Utah and North Carolina State University</subtitle><author><name>R. Michael Young, Ph.D.</name></author><entry><title type="html">Jekyll: A nice side quest</title><link href="http://liquidnarrative.cs.utah.edu/jekyll/update/michael/anicesidequest/" rel="alternate" type="text/html" title="Jekyll: A nice side quest" /><published>2017-01-20T08:58:30-07:00</published><updated>2017-01-20T08:58:30-07:00</updated><id>http://liquidnarrative.cs.utah.edu/jekyll/update/michael/anicesidequest</id><content type="html" xml:base="http://liquidnarrative.cs.utah.edu/jekyll/update/michael/anicesidequest/">&lt;p&gt;Back in the Fall of 2016 I read some Slack posts from my new colleages
here in the School of Computing about statis website generators.
Their security sounded appealing, because I’d had my academic websites
hacked repeatedly when using other CMSs.  I looked around at the tool
people seemed to like, &lt;em&gt;Jekyll&lt;/em&gt;, and saw that it has some nice
templates (like, for instance, _Minimal Mistakes).  So I started
working on building my Utah website using those tools.&lt;/p&gt;

&lt;p&gt;Today is February 1, 2017.  I just succeeded in getting the site up
and running correctly.  It was a &lt;em&gt;very&lt;/em&gt; long and winding road, and
ended up taking maybe 50 hours of work to get right.  I knew almost
nothing about Ruby, gems, installers and package managers, jekyll or
jekyll templates.  But here it is.&lt;/p&gt;

&lt;p&gt;I have to say, I like the way it works and the way it looks.  I’m
almost entirely happy with the site design.  The one current exception
is that the list of publications, while nicely auto-generated from a
.bib file, still doesn’t contain links to the actual pdfs.&lt;/p&gt;

&lt;p&gt;The best thing about the process was the flow I experienced while working on
the debugging process for the site.  I miss that in most of my everyday work, and
the familiarity and sense of progress that the immersion into the process gave me
kept me going when the more rational of the voices in my head said to just
stop and buy some off-the-shelf solution.&lt;/p&gt;</content><author><name>R. Michael Young, Ph.D.</name></author><summary type="html">Back in the Fall of 2016 I read some Slack posts from my new colleages
here in the School of Computing about statis website generators.
Their security sounded appealing, because I’d had my academic websites
hacked repeatedly when using other CMSs.  I looked around at the tool
people seemed to like, Jekyll, and saw that it has some nice
templates (like, for instance, _Minimal Mistakes).  So I started
working on building my Utah website using those tools.</summary></entry></feed>
