<?xml version="1.0" encoding="utf-8"?><?xml-stylesheet type="text/xml" href="http://liquidnarrative.cs.utah.edu/feed.xslt.xml"?><feed xmlns="http://www.w3.org/2005/Atom"><generator uri="http://jekyllrb.com" version="3.3.1">Jekyll</generator><link href="http://liquidnarrative.cs.utah.edu/feed.xml" rel="self" type="application/atom+xml" /><link href="http://liquidnarrative.cs.utah.edu/" rel="alternate" type="text/html" /><updated>2017-02-01T12:27:23-07:00</updated><id>http://liquidnarrative.cs.utah.edu//</id><title type="html">5Liquid Narrative@Utah</title><subtitle>The website for the Liquid Narrative Research Group at the University of Utah and North Carolina State University</subtitle><author><name>R. Michael Young, Ph.D.</name></author><entry><title type="html">Disney Infinity Dev Avalanche Software Reopens Under Warner, Working On Cars 3</title><link href="http://liquidnarrative.cs.utah.edu/news/Warner/" rel="alternate" type="text/html" title="Disney Infinity Dev Avalanche Software Reopens Under Warner, Working On Cars 3" /><published>2017-01-20T08:58:30-07:00</published><updated>2017-01-20T08:58:30-07:00</updated><id>http://liquidnarrative.cs.utah.edu/news/Warner</id><content type="html" xml:base="http://liquidnarrative.cs.utah.edu/news/Warner/">&lt;p&gt;&lt;a href=&quot;http://www.gameinformer.com/b/news/archive/2017/01/24/disney-infinity-dev-avalanche-software-reopens-under-warner-working-on-cars-3.aspx&quot;&gt;Warner announces!&lt;/a&gt;&lt;/p&gt;</content><author><name>R. Michael Young, Ph.D.</name></author><summary type="html">Warner announces!</summary></entry><entry><title type="html">Welcome to Jekyll!</title><link href="http://liquidnarrative.cs.utah.edu/jekyll/update/welcome-to-jekyll/" rel="alternate" type="text/html" title="Welcome to Jekyll!" /><published>2017-01-20T08:58:30-07:00</published><updated>2017-01-20T08:58:30-07:00</updated><id>http://liquidnarrative.cs.utah.edu/jekyll/update/welcome-to-jekyll</id><content type="html" xml:base="http://liquidnarrative.cs.utah.edu/jekyll/update/welcome-to-jekyll/">&lt;p&gt;You’ll find this post in your &lt;code class=&quot;highlighter-rouge&quot;&gt;_posts&lt;/code&gt; directory. Go ahead and edit it and re-build the site to see your changes. You can rebuild the site in many different ways, but the most common way is to run &lt;code class=&quot;highlighter-rouge&quot;&gt;jekyll serve&lt;/code&gt;, which launches a web server and auto-regenerates your site when a file is updated.&lt;/p&gt;

&lt;p&gt;To add new posts, simply add a file in the &lt;code class=&quot;highlighter-rouge&quot;&gt;_posts&lt;/code&gt; directory that follows the convention &lt;code class=&quot;highlighter-rouge&quot;&gt;YYYY-MM-DD-name-of-post.ext&lt;/code&gt; and includes the necessary front matter. Take a look at the source for this post to get an idea about how it works.&lt;/p&gt;

&lt;p&gt;Jekyll also offers powerful support for code snippets:&lt;/p&gt;

&lt;figure class=&quot;highlight&quot;&gt;&lt;pre&gt;&lt;code class=&quot;language-ruby&quot; data-lang=&quot;ruby&quot;&gt;&lt;span class=&quot;k&quot;&gt;def&lt;/span&gt; &lt;span class=&quot;nf&quot;&gt;print_hi&lt;/span&gt;&lt;span class=&quot;p&quot;&gt;(&lt;/span&gt;&lt;span class=&quot;nb&quot;&gt;name&lt;/span&gt;&lt;span class=&quot;p&quot;&gt;)&lt;/span&gt;
  &lt;span class=&quot;nb&quot;&gt;puts&lt;/span&gt; &lt;span class=&quot;s2&quot;&gt;&quot;Hi, &lt;/span&gt;&lt;span class=&quot;si&quot;&gt;#{&lt;/span&gt;&lt;span class=&quot;nb&quot;&gt;name&lt;/span&gt;&lt;span class=&quot;si&quot;&gt;}&lt;/span&gt;&lt;span class=&quot;s2&quot;&gt;&quot;&lt;/span&gt;
&lt;span class=&quot;k&quot;&gt;end&lt;/span&gt;
&lt;span class=&quot;n&quot;&gt;print_hi&lt;/span&gt;&lt;span class=&quot;p&quot;&gt;(&lt;/span&gt;&lt;span class=&quot;s1&quot;&gt;'Tom'&lt;/span&gt;&lt;span class=&quot;p&quot;&gt;)&lt;/span&gt;
&lt;span class=&quot;c1&quot;&gt;#=&amp;gt; prints 'Hi, Tom' to STDOUT.&lt;/span&gt;&lt;/code&gt;&lt;/pre&gt;&lt;/figure&gt;

&lt;p&gt;Check out the &lt;a href=&quot;http://jekyllrb.com/docs/home&quot;&gt;Jekyll docs&lt;/a&gt; for more info on how to get the most out of Jekyll. File all bugs/feature requests at &lt;a href=&quot;https://github.com/jekyll/jekyll&quot;&gt;Jekyll’s GitHub repo&lt;/a&gt;. If you have questions, you can ask them on &lt;a href=&quot;https://talk.jekyllrb.com/&quot;&gt;Jekyll Talk&lt;/a&gt;.&lt;/p&gt;</content><author><name>R. Michael Young, Ph.D.</name></author><summary type="html">You’ll find this post in your _posts directory. Go ahead and edit it and re-build the site to see your changes. You can rebuild the site in many different ways, but the most common way is to run jekyll serve, which launches a web server and auto-regenerates your site when a file is updated.</summary></entry><entry><title type="html">First post</title><link href="http://liquidnarrative.cs.utah.edu/jekyll/update/michael/a-post/" rel="alternate" type="text/html" title="First post" /><published>2017-01-20T08:58:30-07:00</published><updated>2017-01-20T08:58:30-07:00</updated><id>http://liquidnarrative.cs.utah.edu/jekyll/update/michael/a-post</id><content type="html" xml:base="http://liquidnarrative.cs.utah.edu/jekyll/update/michael/a-post/">&lt;p&gt;Booi. This is me.&lt;/p&gt;

&lt;p&gt;I’m really trying to figure out markdown.  Let’s
see if I can&lt;/p&gt;

&lt;h2 id=&quot;get-a-header&quot;&gt;get a header&lt;/h2&gt;

&lt;p&gt;Here are some &lt;strong&gt;bold things I want.&lt;/strong&gt; and here are some &lt;em&gt;italic things I want.&lt;/em&gt;&lt;/p&gt;

&lt;p&gt;Here is a &lt;a href=&quot;/_pages/contact/&quot;&gt;link&lt;/a&gt;.&lt;/p&gt;

&lt;p&gt;To add new posts, simply add a file in the &lt;code class=&quot;highlighter-rouge&quot;&gt;_posts&lt;/code&gt; directory that follows the convention &lt;code class=&quot;highlighter-rouge&quot;&gt;YYYY-MM-DD-name-of-post.ext&lt;/code&gt; and includes the necessary front matter. Take a look at the source for this post to get an idea about how it works.&lt;/p&gt;

&lt;p&gt;Jekyll also offers powerful support for code snippets:&lt;/p&gt;

&lt;figure class=&quot;highlight&quot;&gt;&lt;pre&gt;&lt;code class=&quot;language-ruby&quot; data-lang=&quot;ruby&quot;&gt;&lt;span class=&quot;k&quot;&gt;def&lt;/span&gt; &lt;span class=&quot;nf&quot;&gt;print_hi&lt;/span&gt;&lt;span class=&quot;p&quot;&gt;(&lt;/span&gt;&lt;span class=&quot;nb&quot;&gt;name&lt;/span&gt;&lt;span class=&quot;p&quot;&gt;)&lt;/span&gt;
  &lt;span class=&quot;nb&quot;&gt;puts&lt;/span&gt; &lt;span class=&quot;s2&quot;&gt;&quot;Hi, &lt;/span&gt;&lt;span class=&quot;si&quot;&gt;#{&lt;/span&gt;&lt;span class=&quot;nb&quot;&gt;name&lt;/span&gt;&lt;span class=&quot;si&quot;&gt;}&lt;/span&gt;&lt;span class=&quot;s2&quot;&gt;&quot;&lt;/span&gt;
&lt;span class=&quot;k&quot;&gt;end&lt;/span&gt;
&lt;span class=&quot;n&quot;&gt;print_hi&lt;/span&gt;&lt;span class=&quot;p&quot;&gt;(&lt;/span&gt;&lt;span class=&quot;s1&quot;&gt;'Tom'&lt;/span&gt;&lt;span class=&quot;p&quot;&gt;)&lt;/span&gt;
&lt;span class=&quot;c1&quot;&gt;#=&amp;gt; prints 'Hi, Tom' to STDOUT.&lt;/span&gt;&lt;/code&gt;&lt;/pre&gt;&lt;/figure&gt;

&lt;p&gt;Check out the &lt;a href=&quot;http://jekyllrb.com/docs/home&quot;&gt;Jekyll docs&lt;/a&gt; for more info on how to get the most out of Jekyll. File all bugs/feature requests at &lt;a href=&quot;https://github.com/jekyll/jekyll&quot;&gt;Jekyll’s GitHub repo&lt;/a&gt;. If you have questions, you can ask them on &lt;a href=&quot;https://talk.jekyllrb.com/&quot;&gt;Jekyll Talk&lt;/a&gt;.&lt;/p&gt;</content><author><name>R. Michael Young, Ph.D.</name></author><summary type="html">Booi. This is me.</summary></entry></feed>
